Bucket,Task name,Assigned to,Hours,Step,Track,Labels,Checklist,LLDD link
To do,[BE] Database Structure and Deployment,Bank,31,1,BE,Step 1 | BE | DATABASE | 31+ hrs.,เขียน DDL / migration script | ตรวจ constraint + index + FK | rollback / rerun script | unit test ตามขอบเขตใน LLDD,https://cpallgroup.sharepoint.com/sites/MST-GO0666ITHW2025ReplaceSBPManagementSystem/Shared%20Documents/General/04-Analysis%20%26%20Design/LLDD/Non-Baseline/Phase%204%20%5BSBP%20Operating%20Management%20%E0%B8%9B%E0%B8%A3%E0%B8%B0%E0%B8%81%E0%B8%B1%E0%B8%99%E0%B8%A3%E0%B8%B2%E0%B8%A2%E0%B9%84%E0%B8%94%E0%B9%89%2C%20Contract%20Management%20%28%E0%B8%A3%E0%B9%89%E0%B8%B2%E0%B8%99%E0%B8%9E%E0%B8%A3%E0%B9%89%E0%B8%AD%E0%B8%A1%E0%B9%82%E0%B8%AD%E0%B8%99%29%5D/SBP%20Operating%20Management%20%E0%B8%9B%E0%B8%A3%E0%B8%B0%E0%B8%81%E0%B8%B1%E0%B8%99%E0%B8%A3%E0%B8%B2%E0%B8%A2%E0%B9%84%E0%B8%94%E0%B9%89/BE/LLDD-BE-Database-Structure.pdf
To do,[BE] Integration with SBP Platform,Vava,20,1,BE,Step 1 | BE | WORKFLOW | BFF | 16-30 hrs.,controller + DTO/validation | service + SQL ตาม DB Mapping | error/response envelope | trigger event: เรียก engine ตามหัวข้อ Workflow Trigger Event Contract + mock ใน unit test | unit test ตามขอบเขตใน LLDD,https://cpallgroup.sharepoint.com/sites/MST-GO0666ITHW2025ReplaceSBPManagementSystem/Shared%20Documents/General/04-Analysis%20%26%20Design/LLDD/Non-Baseline/Phase%204%20%5BSBP%20Operating%20Management%20%E0%B8%9B%E0%B8%A3%E0%B8%B0%E0%B8%81%E0%B8%B1%E0%B8%99%E0%B8%A3%E0%B8%B2%E0%B8%A2%E0%B9%84%E0%B8%94%E0%B9%89%2C%20Contract%20Management%20%28%E0%B8%A3%E0%B9%89%E0%B8%B2%E0%B8%99%E0%B8%9E%E0%B8%A3%E0%B9%89%E0%B8%AD%E0%B8%A1%E0%B9%82%E0%B8%AD%E0%B8%99%29%5D/SBP%20Operating%20Management%20%E0%B8%9B%E0%B8%A3%E0%B8%B0%E0%B8%81%E0%B8%B1%E0%B8%99%E0%B8%A3%E0%B8%B2%E0%B8%A2%E0%B9%84%E0%B8%94%E0%B9%89/BE/LLDD-BE-Integration-SBP-Platform.pdf
To do,[BE] Workflow Engine Definition,Bank,24,1,BE,Step 1 | BE | WORKFLOW | 16-30 hrs.,controller + DTO/validation | service + SQL ตาม DB Mapping | error/response envelope | unit test ตามขอบเขตใน LLDD,https://cpallgroup.sharepoint.com/sites/MST-GO0666ITHW2025ReplaceSBPManagementSystem/Shared%20Documents/General/04-Analysis%20%26%20Design/LLDD/Non-Baseline/Phase%204%20%5BSBP%20Operating%20Management%20%E0%B8%9B%E0%B8%A3%E0%B8%B0%E0%B8%81%E0%B8%B1%E0%B8%99%E0%B8%A3%E0%B8%B2%E0%B8%A2%E0%B9%84%E0%B8%94%E0%B9%89%2C%20Contract%20Management%20%28%E0%B8%A3%E0%B9%89%E0%B8%B2%E0%B8%99%E0%B8%9E%E0%B8%A3%E0%B9%89%E0%B8%AD%E0%B8%A1%E0%B9%82%E0%B8%AD%E0%B8%99%29%5D/SBP%20Operating%20Management%20%E0%B8%9B%E0%B8%A3%E0%B8%B0%E0%B8%81%E0%B8%B1%E0%B8%99%E0%B8%A3%E0%B8%B2%E0%B8%A2%E0%B9%84%E0%B8%94%E0%B9%89/BE/LLDD-BE-Workflow-Engine-Definition.pdf
To do,[BE] API Common Contracts,But,18,2,BE,Step 2 | BE | API | WORKFLOW | 16-30 hrs.,controller + DTO/validation | service + SQL ตาม DB Mapping | error/response envelope | trigger event: เรียก engine ตามหัวข้อ Workflow Trigger Event Contract + mock ใน unit test | unit test ตามขอบเขตใน LLDD,https://cpallgroup.sharepoint.com/sites/MST-GO0666ITHW2025ReplaceSBPManagementSystem/Shared%20Documents/General/04-Analysis%20%26%20Design/LLDD/Non-Baseline/Phase%204%20%5BSBP%20Operating%20Management%20%E0%B8%9B%E0%B8%A3%E0%B8%B0%E0%B8%81%E0%B8%B1%E0%B8%99%E0%B8%A3%E0%B8%B2%E0%B8%A2%E0%B9%84%E0%B8%94%E0%B9%89%2C%20Contract%20Management%20%28%E0%B8%A3%E0%B9%89%E0%B8%B2%E0%B8%99%E0%B8%9E%E0%B8%A3%E0%B9%89%E0%B8%AD%E0%B8%A1%E0%B9%82%E0%B8%AD%E0%B8%99%29%5D/SBP%20Operating%20Management%20%E0%B8%9B%E0%B8%A3%E0%B8%B0%E0%B8%81%E0%B8%B1%E0%B8%99%E0%B8%A3%E0%B8%B2%E0%B8%A2%E0%B9%84%E0%B8%94%E0%B9%89/BE/LLDD-BE-API-Common-Contracts.pdf
To do,[BE] Data Migration and Cutover,Bank,43,2,BE,Step 2 | BE | DATABASE | WORKFLOW | 31+ hrs.,เขียน DDL / migration script | ตรวจ constraint + index + FK | rollback / rerun script | trigger event: เรียก engine ตามหัวข้อ Workflow Trigger Event Contract + mock ใน unit test | unit test ตามขอบเขตใน LLDD,https://cpallgroup.sharepoint.com/sites/MST-GO0666ITHW2025ReplaceSBPManagementSystem/Shared%20Documents/General/04-Analysis%20%26%20Design/LLDD/Non-Baseline/Phase%204%20%5BSBP%20Operating%20Management%20%E0%B8%9B%E0%B8%A3%E0%B8%B0%E0%B8%81%E0%B8%B1%E0%B8%99%E0%B8%A3%E0%B8%B2%E0%B8%A2%E0%B9%84%E0%B8%94%E0%B9%89%2C%20Contract%20Management%20%28%E0%B8%A3%E0%B9%89%E0%B8%B2%E0%B8%99%E0%B8%9E%E0%B8%A3%E0%B9%89%E0%B8%AD%E0%B8%A1%E0%B9%82%E0%B8%AD%E0%B8%99%29%5D/SBP%20Operating%20Management%20%E0%B8%9B%E0%B8%A3%E0%B8%B0%E0%B8%81%E0%B8%B1%E0%B8%99%E0%B8%A3%E0%B8%B2%E0%B8%A2%E0%B9%84%E0%B8%94%E0%B9%89/BE/LLDD-BE-Data-Migration-Cutover.pdf
To do,[BE] Job Batch and Email Integration,Pete,19,2,BE,Step 2 | BE | 16-30 hrs.,controller + DTO/validation | service + SQL ตาม DB Mapping | error/response envelope | unit test ตามขอบเขตใน LLDD,https://cpallgroup.sharepoint.com/sites/MST-GO0666ITHW2025ReplaceSBPManagementSystem/Shared%20Documents/General/04-Analysis%20%26%20Design/LLDD/Non-Baseline/Phase%204%20%5BSBP%20Operating%20Management%20%E0%B8%9B%E0%B8%A3%E0%B8%B0%E0%B8%81%E0%B8%B1%E0%B8%99%E0%B8%A3%E0%B8%B2%E0%B8%A2%E0%B9%84%E0%B8%94%E0%B9%89%2C%20Contract%20Management%20%28%E0%B8%A3%E0%B9%89%E0%B8%B2%E0%B8%99%E0%B8%9E%E0%B8%A3%E0%B9%89%E0%B8%AD%E0%B8%A1%E0%B9%82%E0%B8%AD%E0%B8%99%29%5D/SBP%20Operating%20Management%20%E0%B8%9B%E0%B8%A3%E0%B8%B0%E0%B8%81%E0%B8%B1%E0%B8%99%E0%B8%A3%E0%B8%B2%E0%B8%A2%E0%B9%84%E0%B8%94%E0%B9%89/BE/LLDD-BE-Job-Batch-Email-SRM.pdf
To do,[FE] Integration Contracts,lin,16,2,FE,Step 2 | FE | BFF | 16-30 hrs.,ทำ form/UI ตาม LLDD | ต่อ API + state | validate + error state | unit test ตามขอบเขตใน LLDD,https://cpallgroup.sharepoint.com/sites/MST-GO0666ITHW2025ReplaceSBPManagementSystem/Shared%20Documents/General/04-Analysis%20%26%20Design/LLDD/Non-Baseline/Phase%204%20%5BSBP%20Operating%20Management%20%E0%B8%9B%E0%B8%A3%E0%B8%B0%E0%B8%81%E0%B8%B1%E0%B8%99%E0%B8%A3%E0%B8%B2%E0%B8%A2%E0%B9%84%E0%B8%94%E0%B9%89%2C%20Contract%20Management%20%28%E0%B8%A3%E0%B9%89%E0%B8%B2%E0%B8%99%E0%B8%9E%E0%B8%A3%E0%B9%89%E0%B8%AD%E0%B8%A1%E0%B9%82%E0%B8%AD%E0%B8%99%29%5D/SBP%20Operating%20Management%20%E0%B8%9B%E0%B8%A3%E0%B8%B0%E0%B8%81%E0%B8%B1%E0%B8%99%E0%B8%A3%E0%B8%B2%E0%B8%A2%E0%B9%84%E0%B8%94%E0%B9%89/FE/LLDD-FE-Integration-Contracts.pdf
To do,[BE] API Attachment Sales and Timeline,Pete,34,3,BE,Step 3 | BE | API | WORKFLOW | 31+ hrs.,controller + DTO/validation | service + SQL ตาม DB Mapping | error/response envelope | trigger event: เรียก engine ตามหัวข้อ Workflow Trigger Event Contract + mock ใน unit test | unit test ตามขอบเขตใน LLDD,https://cpallgroup.sharepoint.com/sites/MST-GO0666ITHW2025ReplaceSBPManagementSystem/Shared%20Documents/General/04-Analysis%20%26%20Design/LLDD/Non-Baseline/Phase%204%20%5BSBP%20Operating%20Management%20%E0%B8%9B%E0%B8%A3%E0%B8%B0%E0%B8%81%E0%B8%B1%E0%B8%99%E0%B8%A3%E0%B8%B2%E0%B8%A2%E0%B9%84%E0%B8%94%E0%B9%89%2C%20Contract%20Management%20%28%E0%B8%A3%E0%B9%89%E0%B8%B2%E0%B8%99%E0%B8%9E%E0%B8%A3%E0%B9%89%E0%B8%AD%E0%B8%A1%E0%B9%82%E0%B8%AD%E0%B8%99%29%5D/SBP%20Operating%20Management%20%E0%B8%9B%E0%B8%A3%E0%B8%B0%E0%B8%81%E0%B8%B1%E0%B8%99%E0%B8%A3%E0%B8%B2%E0%B8%A2%E0%B9%84%E0%B8%94%E0%B9%89/BE/LLDD-BE-API-Attachment-Sales-Timeline.pdf
To do,[BE] API Document Create and Update,But,32,3,BE,Step 3 | BE | API | WORKFLOW | 31+ hrs.,controller + DTO/validation | service + SQL ตาม DB Mapping | error/response envelope | trigger event: เรียก engine ตามหัวข้อ Workflow Trigger Event Contract + mock ใน unit test | unit test ตามขอบเขตใน LLDD,https://cpallgroup.sharepoint.com/sites/MST-GO0666ITHW2025ReplaceSBPManagementSystem/Shared%20Documents/General/04-Analysis%20%26%20Design/LLDD/Non-Baseline/Phase%204%20%5BSBP%20Operating%20Management%20%E0%B8%9B%E0%B8%A3%E0%B8%B0%E0%B8%81%E0%B8%B1%E0%B8%99%E0%B8%A3%E0%B8%B2%E0%B8%A2%E0%B9%84%E0%B8%94%E0%B9%89%2C%20Contract%20Management%20%28%E0%B8%A3%E0%B9%89%E0%B8%B2%E0%B8%99%E0%B8%9E%E0%B8%A3%E0%B9%89%E0%B8%AD%E0%B8%A1%E0%B9%82%E0%B8%AD%E0%B8%99%29%5D/SBP%20Operating%20Management%20%E0%B8%9B%E0%B8%A3%E0%B8%B0%E0%B8%81%E0%B8%B1%E0%B8%99%E0%B8%A3%E0%B8%B2%E0%B8%A2%E0%B9%84%E0%B8%94%E0%B9%89/BE/LLDD-BE-API-Document-Create-Update.pdf
To do,[BE] API Document Detail Aggregate,But,32,3,BE,Step 3 | BE | API | WORKFLOW | 31+ hrs.,controller + DTO/validation | service + SQL ตาม DB Mapping | error/response envelope | trigger event: เรียก engine ตามหัวข้อ Workflow Trigger Event Contract + mock ใน unit test | unit test ตามขอบเขตใน LLDD,https://cpallgroup.sharepoint.com/sites/MST-GO0666ITHW2025ReplaceSBPManagementSystem/Shared%20Documents/General/04-Analysis%20%26%20Design/LLDD/Non-Baseline/Phase%204%20%5BSBP%20Operating%20Management%20%E0%B8%9B%E0%B8%A3%E0%B8%B0%E0%B8%81%E0%B8%B1%E0%B8%99%E0%B8%A3%E0%B8%B2%E0%B8%A2%E0%B9%84%E0%B8%94%E0%B9%89%2C%20Contract%20Management%20%28%E0%B8%A3%E0%B9%89%E0%B8%B2%E0%B8%99%E0%B8%9E%E0%B8%A3%E0%B9%89%E0%B8%AD%E0%B8%A1%E0%B9%82%E0%B8%AD%E0%B8%99%29%5D/SBP%20Operating%20Management%20%E0%B8%9B%E0%B8%A3%E0%B8%B0%E0%B8%81%E0%B8%B1%E0%B8%99%E0%B8%A3%E0%B8%B2%E0%B8%A2%E0%B9%84%E0%B8%94%E0%B9%89/BE/LLDD-BE-API-Document-Detail-Aggregate.pdf
To do,[BE] API Document List and Search,But,26,3,BE,Step 3 | BE | API | WORKFLOW | 16-30 hrs.,controller + DTO/validation | service + SQL ตาม DB Mapping | error/response envelope | trigger event: เรียก engine ตามหัวข้อ Workflow Trigger Event Contract + mock ใน unit test | unit test ตามขอบเขตใน LLDD,https://cpallgroup.sharepoint.com/sites/MST-GO0666ITHW2025ReplaceSBPManagementSystem/Shared%20Documents/General/04-Analysis%20%26%20Design/LLDD/Non-Baseline/Phase%204%20%5BSBP%20Operating%20Management%20%E0%B8%9B%E0%B8%A3%E0%B8%B0%E0%B8%81%E0%B8%B1%E0%B8%99%E0%B8%A3%E0%B8%B2%E0%B8%A2%E0%B9%84%E0%B8%94%E0%B9%89%2C%20Contract%20Management%20%28%E0%B8%A3%E0%B9%89%E0%B8%B2%E0%B8%99%E0%B8%9E%E0%B8%A3%E0%B9%89%E0%B8%AD%E0%B8%A1%E0%B9%82%E0%B8%AD%E0%B8%99%29%5D/SBP%20Operating%20Management%20%E0%B8%9B%E0%B8%A3%E0%B8%B0%E0%B8%81%E0%B8%B1%E0%B8%99%E0%B8%A3%E0%B8%B2%E0%B8%A2%E0%B9%84%E0%B8%94%E0%B9%89/BE/LLDD-BE-API-Document-List-Search.pdf
To do,[BE] API Document Workflow Actions,Vava,37,3,BE,Step 3 | BE | API | WORKFLOW | 31+ hrs.,controller + DTO/validation | service + SQL ตาม DB Mapping | error/response envelope | trigger event: เรียก engine ตามหัวข้อ Workflow Trigger Event Contract + mock ใน unit test | unit test ตามขอบเขตใน LLDD,https://cpallgroup.sharepoint.com/sites/MST-GO0666ITHW2025ReplaceSBPManagementSystem/Shared%20Documents/General/04-Analysis%20%26%20Design/LLDD/Non-Baseline/Phase%204%20%5BSBP%20Operating%20Management%20%E0%B8%9B%E0%B8%A3%E0%B8%B0%E0%B8%81%E0%B8%B1%E0%B8%99%E0%B8%A3%E0%B8%B2%E0%B8%A2%E0%B9%84%E0%B8%94%E0%B9%89%2C%20Contract%20Management%20%28%E0%B8%A3%E0%B9%89%E0%B8%B2%E0%B8%99%E0%B8%9E%E0%B8%A3%E0%B9%89%E0%B8%AD%E0%B8%A1%E0%B9%82%E0%B8%AD%E0%B8%99%29%5D/SBP%20Operating%20Management%20%E0%B8%9B%E0%B8%A3%E0%B8%B0%E0%B8%81%E0%B8%B1%E0%B8%99%E0%B8%A3%E0%B8%B2%E0%B8%A2%E0%B9%84%E0%B8%94%E0%B9%89/BE/LLDD-BE-API-Document-Workflow-Actions.pdf
To do,[BE] API Lookup,Vava,13,3,BE,Step 3 | BE | API | 8-15 hrs.,controller + DTO/validation | service + SQL ตาม DB Mapping | error/response envelope | unit test ตามขอบเขตใน LLDD,https://cpallgroup.sharepoint.com/sites/MST-GO0666ITHW2025ReplaceSBPManagementSystem/Shared%20Documents/General/04-Analysis%20%26%20Design/LLDD/Non-Baseline/Phase%204%20%5BSBP%20Operating%20Management%20%E0%B8%9B%E0%B8%A3%E0%B8%B0%E0%B8%81%E0%B8%B1%E0%B8%99%E0%B8%A3%E0%B8%B2%E0%B8%A2%E0%B9%84%E0%B8%94%E0%B9%89%2C%20Contract%20Management%20%28%E0%B8%A3%E0%B9%89%E0%B8%B2%E0%B8%99%E0%B8%9E%E0%B8%A3%E0%B9%89%E0%B8%AD%E0%B8%A1%E0%B9%82%E0%B8%AD%E0%B8%99%29%5D/SBP%20Operating%20Management%20%E0%B8%9B%E0%B8%A3%E0%B8%B0%E0%B8%81%E0%B8%B1%E0%B8%99%E0%B8%A3%E0%B8%B2%E0%B8%A2%E0%B9%84%E0%B8%94%E0%B9%89/BE/LLDD-BE-API-Lookup.pdf
To do,[BE] API Report and Master Data,Pete,39,3,BE,Step 3 | BE | API | 31+ hrs.,controller + DTO/validation | service + SQL ตาม DB Mapping | error/response envelope | unit test ตามขอบเขตใน LLDD,https://cpallgroup.sharepoint.com/sites/MST-GO0666ITHW2025ReplaceSBPManagementSystem/Shared%20Documents/General/04-Analysis%20%26%20Design/LLDD/Non-Baseline/Phase%204%20%5BSBP%20Operating%20Management%20%E0%B8%9B%E0%B8%A3%E0%B8%B0%E0%B8%81%E0%B8%B1%E0%B8%99%E0%B8%A3%E0%B8%B2%E0%B8%A2%E0%B9%84%E0%B8%94%E0%B9%89%2C%20Contract%20Management%20%28%E0%B8%A3%E0%B9%89%E0%B8%B2%E0%B8%99%E0%B8%9E%E0%B8%A3%E0%B9%89%E0%B8%AD%E0%B8%A1%E0%B9%82%E0%B8%AD%E0%B8%99%29%5D/SBP%20Operating%20Management%20%E0%B8%9B%E0%B8%A3%E0%B8%B0%E0%B8%81%E0%B8%B1%E0%B8%99%E0%B8%A3%E0%B8%B2%E0%B8%A2%E0%B9%84%E0%B8%94%E0%B9%89/BE/LLDD-BE-API-Report-and-Master-Data.pdf
To do,[BE] Workflow Engine and API Workflow Instances,Vava,32,3,BE,Step 3 | BE | API | WORKFLOW | 31+ hrs.,controller + DTO/validation | service + SQL ตาม DB Mapping | error/response envelope | trigger event: เรียก engine ตามหัวข้อ Workflow Trigger Event Contract + mock ใน unit test | unit test ตามขอบเขตใน LLDD,https://cpallgroup.sharepoint.com/sites/MST-GO0666ITHW2025ReplaceSBPManagementSystem/Shared%20Documents/General/04-Analysis%20%26%20Design/LLDD/Non-Baseline/Phase%204%20%5BSBP%20Operating%20Management%20%E0%B8%9B%E0%B8%A3%E0%B8%B0%E0%B8%81%E0%B8%B1%E0%B8%99%E0%B8%A3%E0%B8%B2%E0%B8%A2%E0%B9%84%E0%B8%94%E0%B9%89%2C%20Contract%20Management%20%28%E0%B8%A3%E0%B9%89%E0%B8%B2%E0%B8%99%E0%B8%9E%E0%B8%A3%E0%B9%89%E0%B8%AD%E0%B8%A1%E0%B9%82%E0%B8%AD%E0%B8%99%29%5D/SBP%20Operating%20Management%20%E0%B8%9B%E0%B8%A3%E0%B8%B0%E0%B8%81%E0%B8%B1%E0%B8%99%E0%B8%A3%E0%B8%B2%E0%B8%A2%E0%B9%84%E0%B8%94%E0%B9%89/BE/LLDD-BE-API-Workflow-Instances.pdf
To do,[FE] Application Foundation and Shared UI,lin,35,3,FE,Step 3 | FE | 31+ hrs.,ทำ form/UI ตาม LLDD | ต่อ API + state | validate + error state | unit test ตามขอบเขตใน LLDD,https://cpallgroup.sharepoint.com/sites/MST-GO0666ITHW2025ReplaceSBPManagementSystem/Shared%20Documents/General/04-Analysis%20%26%20Design/LLDD/Non-Baseline/Phase%204%20%5BSBP%20Operating%20Management%20%E0%B8%9B%E0%B8%A3%E0%B8%B0%E0%B8%81%E0%B8%B1%E0%B8%99%E0%B8%A3%E0%B8%B2%E0%B8%A2%E0%B9%84%E0%B8%94%E0%B9%89%2C%20Contract%20Management%20%28%E0%B8%A3%E0%B9%89%E0%B8%B2%E0%B8%99%E0%B8%9E%E0%B8%A3%E0%B9%89%E0%B8%AD%E0%B8%A1%E0%B9%82%E0%B8%AD%E0%B8%99%29%5D/SBP%20Operating%20Management%20%E0%B8%9B%E0%B8%A3%E0%B8%B0%E0%B8%81%E0%B8%B1%E0%B8%99%E0%B8%A3%E0%B8%B2%E0%B8%A2%E0%B9%84%E0%B8%94%E0%B9%89/FE/LLDD-FE-Foundation.pdf
To do,[Job] Job 2 ImportImpactStore,Bank,19,3,Job,Step 3 | JOBS | 16-30 hrs.,อ่านสเปก LLDD + ตั้ง config/env | เขียน runner + SQL ตามลำดับขั้น | idempotency + rerun/rollback | unit test ตามขอบเขตใน LLDD,https://cpallgroup.sharepoint.com/sites/MST-GO0666ITHW2025ReplaceSBPManagementSystem/Shared%20Documents/General/04-Analysis%20%26%20Design/LLDD/Non-Baseline/Phase%204%20%5BSBP%20Operating%20Management%20%E0%B8%9B%E0%B8%A3%E0%B8%B0%E0%B8%81%E0%B8%B1%E0%B8%99%E0%B8%A3%E0%B8%B2%E0%B8%A2%E0%B9%84%E0%B8%94%E0%B9%89%2C%20Contract%20Management%20%28%E0%B8%A3%E0%B9%89%E0%B8%B2%E0%B8%99%E0%B8%9E%E0%B8%A3%E0%B9%89%E0%B8%AD%E0%B8%A1%E0%B9%82%E0%B8%AD%E0%B8%99%29%5D/SBP%20Operating%20Management%20%E0%B8%9B%E0%B8%A3%E0%B8%B0%E0%B8%81%E0%B8%B1%E0%B8%99%E0%B8%A3%E0%B8%B2%E0%B8%A2%E0%B9%84%E0%B8%94%E0%B9%89/BE/Jobs/LLDD-BE-Job-2-ImportImpactStore.pdf
To do,[FE] Create Document,New,8,4,FE,Step 4 | FE | 8-15 hrs.,ทำ form/UI ตาม LLDD | ต่อ API + state | validate + error state | unit test ตามขอบเขตใน LLDD,https://cpallgroup.sharepoint.com/sites/MST-GO0666ITHW2025ReplaceSBPManagementSystem/Shared%20Documents/General/04-Analysis%20%26%20Design/LLDD/Non-Baseline/Phase%204%20%5BSBP%20Operating%20Management%20%E0%B8%9B%E0%B8%A3%E0%B8%B0%E0%B8%81%E0%B8%B1%E0%B8%99%E0%B8%A3%E0%B8%B2%E0%B8%A2%E0%B9%84%E0%B8%94%E0%B9%89%2C%20Contract%20Management%20%28%E0%B8%A3%E0%B9%89%E0%B8%B2%E0%B8%99%E0%B8%9E%E0%B8%A3%E0%B9%89%E0%B8%AD%E0%B8%A1%E0%B9%82%E0%B8%AD%E0%B8%99%29%5D/SBP%20Operating%20Management%20%E0%B8%9B%E0%B8%A3%E0%B8%B0%E0%B8%81%E0%B8%B1%E0%B8%99%E0%B8%A3%E0%B8%B2%E0%B8%A2%E0%B9%84%E0%B8%94%E0%B9%89/FE/LLDD-FE-Create-Document.pdf
To do,[FE] Document Detail and Action,New,75,4,FE,Step 4 | FE | 31+ hrs.,ทำ form/UI ตาม LLDD | ต่อ API + state | validate + error state | unit test ตามขอบเขตใน LLDD,https://cpallgroup.sharepoint.com/sites/MST-GO0666ITHW2025ReplaceSBPManagementSystem/Shared%20Documents/General/04-Analysis%20%26%20Design/LLDD/Non-Baseline/Phase%204%20%5BSBP%20Operating%20Management%20%E0%B8%9B%E0%B8%A3%E0%B8%B0%E0%B8%81%E0%B8%B1%E0%B8%99%E0%B8%A3%E0%B8%B2%E0%B8%A2%E0%B9%84%E0%B8%94%E0%B9%89%2C%20Contract%20Management%20%28%E0%B8%A3%E0%B9%89%E0%B8%B2%E0%B8%99%E0%B8%9E%E0%B8%A3%E0%B9%89%E0%B8%AD%E0%B8%A1%E0%B9%82%E0%B8%AD%E0%B8%99%29%5D/SBP%20Operating%20Management%20%E0%B8%9B%E0%B8%A3%E0%B8%B0%E0%B8%81%E0%B8%B1%E0%B8%99%E0%B8%A3%E0%B8%B2%E0%B8%A2%E0%B9%84%E0%B8%94%E0%B9%89/FE/LLDD-FE-Document-Detail.pdf
To do,[FE] Document Lists,lin,35,4,FE,Step 4 | FE | 31+ hrs.,ทำ form/UI ตาม LLDD | ต่อ API + state | validate + error state | unit test ตามขอบเขตใน LLDD,https://cpallgroup.sharepoint.com/sites/MST-GO0666ITHW2025ReplaceSBPManagementSystem/Shared%20Documents/General/04-Analysis%20%26%20Design/LLDD/Non-Baseline/Phase%204%20%5BSBP%20Operating%20Management%20%E0%B8%9B%E0%B8%A3%E0%B8%B0%E0%B8%81%E0%B8%B1%E0%B8%99%E0%B8%A3%E0%B8%B2%E0%B8%A2%E0%B9%84%E0%B8%94%E0%B9%89%2C%20Contract%20Management%20%28%E0%B8%A3%E0%B9%89%E0%B8%B2%E0%B8%99%E0%B8%9E%E0%B8%A3%E0%B9%89%E0%B8%AD%E0%B8%A1%E0%B9%82%E0%B8%AD%E0%B8%99%29%5D/SBP%20Operating%20Management%20%E0%B8%9B%E0%B8%A3%E0%B8%B0%E0%B8%81%E0%B8%B1%E0%B8%99%E0%B8%A3%E0%B8%B2%E0%B8%A2%E0%B9%84%E0%B8%94%E0%B9%89/FE/LLDD-FE-Document-Lists.pdf
To do,[FE] Master Data,New,20,4,FE,Step 4 | FE | 16-30 hrs.,ทำ form/UI ตาม LLDD | ต่อ API + state | validate + error state | unit test ตามขอบเขตใน LLDD,https://cpallgroup.sharepoint.com/sites/MST-GO0666ITHW2025ReplaceSBPManagementSystem/Shared%20Documents/General/04-Analysis%20%26%20Design/LLDD/Non-Baseline/Phase%204%20%5BSBP%20Operating%20Management%20%E0%B8%9B%E0%B8%A3%E0%B8%B0%E0%B8%81%E0%B8%B1%E0%B8%99%E0%B8%A3%E0%B8%B2%E0%B8%A2%E0%B9%84%E0%B8%94%E0%B9%89%2C%20Contract%20Management%20%28%E0%B8%A3%E0%B9%89%E0%B8%B2%E0%B8%99%E0%B8%9E%E0%B8%A3%E0%B9%89%E0%B8%AD%E0%B8%A1%E0%B9%82%E0%B8%AD%E0%B8%99%29%5D/SBP%20Operating%20Management%20%E0%B8%9B%E0%B8%A3%E0%B8%B0%E0%B8%81%E0%B8%B1%E0%B8%99%E0%B8%A3%E0%B8%B2%E0%B8%A2%E0%B9%84%E0%B8%94%E0%B9%89/FE/LLDD-FE-Master-Data.pdf
To do,[FE] Status Summary Report,lin,25,4,FE,Step 4 | FE | 16-30 hrs.,ทำ form/UI ตาม LLDD | ต่อ API + state | validate + error state | unit test ตามขอบเขตใน LLDD,https://cpallgroup.sharepoint.com/sites/MST-GO0666ITHW2025ReplaceSBPManagementSystem/Shared%20Documents/General/04-Analysis%20%26%20Design/LLDD/Non-Baseline/Phase%204%20%5BSBP%20Operating%20Management%20%E0%B8%9B%E0%B8%A3%E0%B8%B0%E0%B8%81%E0%B8%B1%E0%B8%99%E0%B8%A3%E0%B8%B2%E0%B8%A2%E0%B9%84%E0%B8%94%E0%B9%89%2C%20Contract%20Management%20%28%E0%B8%A3%E0%B9%89%E0%B8%B2%E0%B8%99%E0%B8%9E%E0%B8%A3%E0%B9%89%E0%B8%AD%E0%B8%A1%E0%B9%82%E0%B8%AD%E0%B8%99%29%5D/SBP%20Operating%20Management%20%E0%B8%9B%E0%B8%A3%E0%B8%B0%E0%B8%81%E0%B8%B1%E0%B8%99%E0%B8%A3%E0%B8%B2%E0%B8%A2%E0%B9%84%E0%B8%94%E0%B9%89/FE/LLDD-FE-Report.pdf
To do,[Job] Job 3 ImportImpactCompetitor,Bank,13,4,Job,Step 4 | JOBS | 8-15 hrs.,อ่านสเปก LLDD + ตั้ง config/env | เขียน runner + SQL ตามลำดับขั้น | idempotency + rerun/rollback | unit test ตามขอบเขตใน LLDD,https://cpallgroup.sharepoint.com/sites/MST-GO0666ITHW2025ReplaceSBPManagementSystem/Shared%20Documents/General/04-Analysis%20%26%20Design/LLDD/Non-Baseline/Phase%204%20%5BSBP%20Operating%20Management%20%E0%B8%9B%E0%B8%A3%E0%B8%B0%E0%B8%81%E0%B8%B1%E0%B8%99%E0%B8%A3%E0%B8%B2%E0%B8%A2%E0%B9%84%E0%B8%94%E0%B9%89%2C%20Contract%20Management%20%28%E0%B8%A3%E0%B9%89%E0%B8%B2%E0%B8%99%E0%B8%9E%E0%B8%A3%E0%B9%89%E0%B8%AD%E0%B8%A1%E0%B9%82%E0%B8%AD%E0%B8%99%29%5D/SBP%20Operating%20Management%20%E0%B8%9B%E0%B8%A3%E0%B8%B0%E0%B8%81%E0%B8%B1%E0%B8%99%E0%B8%A3%E0%B8%B2%E0%B8%A2%E0%B9%84%E0%B8%94%E0%B9%89/BE/Jobs/LLDD-BE-Job-3-ImportImpactCompetitor.pdf
To do,[Job] Job 4 PrepareImpactStoreToIAS,Bank,19,4,Job,Step 4 | JOBS | 16-30 hrs.,อ่านสเปก LLDD + ตั้ง config/env | เขียน runner + SQL ตามลำดับขั้น | idempotency + rerun/rollback | unit test ตามขอบเขตใน LLDD,https://cpallgroup.sharepoint.com/sites/MST-GO0666ITHW2025ReplaceSBPManagementSystem/Shared%20Documents/General/04-Analysis%20%26%20Design/LLDD/Non-Baseline/Phase%204%20%5BSBP%20Operating%20Management%20%E0%B8%9B%E0%B8%A3%E0%B8%B0%E0%B8%81%E0%B8%B1%E0%B8%99%E0%B8%A3%E0%B8%B2%E0%B8%A2%E0%B9%84%E0%B8%94%E0%B9%89%2C%20Contract%20Management%20%28%E0%B8%A3%E0%B9%89%E0%B8%B2%E0%B8%99%E0%B8%9E%E0%B8%A3%E0%B9%89%E0%B8%AD%E0%B8%A1%E0%B9%82%E0%B8%AD%E0%B8%99%29%5D/SBP%20Operating%20Management%20%E0%B8%9B%E0%B8%A3%E0%B8%B0%E0%B8%81%E0%B8%B1%E0%B8%99%E0%B8%A3%E0%B8%B2%E0%B8%A2%E0%B9%84%E0%B8%94%E0%B9%89/BE/Jobs/LLDD-BE-Job-4-PrepareImpactStoreToIAS.pdf
To do,[Job] Job 6 ExportImpactStoreToFS,Bank,34,4,Job,Step 4 | JOBS | 31+ hrs.,อ่านสเปก LLDD + ตั้ง config/env | เขียน runner + SQL ตามลำดับขั้น | idempotency + rerun/rollback | unit test ตามขอบเขตใน LLDD,https://cpallgroup.sharepoint.com/sites/MST-GO0666ITHW2025ReplaceSBPManagementSystem/Shared%20Documents/General/04-Analysis%20%26%20Design/LLDD/Non-Baseline/Phase%204%20%5BSBP%20Operating%20Management%20%E0%B8%9B%E0%B8%A3%E0%B8%B0%E0%B8%81%E0%B8%B1%E0%B8%99%E0%B8%A3%E0%B8%B2%E0%B8%A2%E0%B9%84%E0%B8%94%E0%B9%89%2C%20Contract%20Management%20%28%E0%B8%A3%E0%B9%89%E0%B8%B2%E0%B8%99%E0%B8%9E%E0%B8%A3%E0%B9%89%E0%B8%AD%E0%B8%A1%E0%B9%82%E0%B8%AD%E0%B8%99%29%5D/SBP%20Operating%20Management%20%E0%B8%9B%E0%B8%A3%E0%B8%B0%E0%B8%81%E0%B8%B1%E0%B8%99%E0%B8%A3%E0%B8%B2%E0%B8%A2%E0%B9%84%E0%B8%94%E0%B9%89/BE/Jobs/LLDD-BE-Job-6-ExportImpactStoreToFS.pdf
To do,[FE] Document Detail Role 01 Business Promotion,New,incl.,5,FE,Step 5 | FE,ทำ form/UI ตาม LLDD | ต่อ API + state | validate + error state | unit test ตามขอบเขตใน LLDD,https://cpallgroup.sharepoint.com/sites/MST-GO0666ITHW2025ReplaceSBPManagementSystem/Shared%20Documents/General/04-Analysis%20%26%20Design/LLDD/Non-Baseline/Phase%204%20%5BSBP%20Operating%20Management%20%E0%B8%9B%E0%B8%A3%E0%B8%B0%E0%B8%81%E0%B8%B1%E0%B8%99%E0%B8%A3%E0%B8%B2%E0%B8%A2%E0%B9%84%E0%B8%94%E0%B9%89%2C%20Contract%20Management%20%28%E0%B8%A3%E0%B9%89%E0%B8%B2%E0%B8%99%E0%B8%9E%E0%B8%A3%E0%B9%89%E0%B8%AD%E0%B8%A1%E0%B9%82%E0%B8%AD%E0%B8%99%29%5D/SBP%20Operating%20Management%20%E0%B8%9B%E0%B8%A3%E0%B8%B0%E0%B8%81%E0%B8%B1%E0%B8%99%E0%B8%A3%E0%B8%B2%E0%B8%A2%E0%B9%84%E0%B8%94%E0%B9%89/FE/LLDD-FE-Document-Detail-Role-01-Business-Promotion.pdf
To do,[FE] Document Detail Role 02 GM Business Promotion,New,incl.,5,FE,Step 5 | FE,ทำ form/UI ตาม LLDD | ต่อ API + state | validate + error state | unit test ตามขอบเขตใน LLDD,https://cpallgroup.sharepoint.com/sites/MST-GO0666ITHW2025ReplaceSBPManagementSystem/Shared%20Documents/General/04-Analysis%20%26%20Design/LLDD/Non-Baseline/Phase%204%20%5BSBP%20Operating%20Management%20%E0%B8%9B%E0%B8%A3%E0%B8%B0%E0%B8%81%E0%B8%B1%E0%B8%99%E0%B8%A3%E0%B8%B2%E0%B8%A2%E0%B9%84%E0%B8%94%E0%B9%89%2C%20Contract%20Management%20%28%E0%B8%A3%E0%B9%89%E0%B8%B2%E0%B8%99%E0%B8%9E%E0%B8%A3%E0%B9%89%E0%B8%AD%E0%B8%A1%E0%B9%82%E0%B8%AD%E0%B8%99%29%5D/SBP%20Operating%20Management%20%E0%B8%9B%E0%B8%A3%E0%B8%B0%E0%B8%81%E0%B8%B1%E0%B8%99%E0%B8%A3%E0%B8%B2%E0%B8%A2%E0%B9%84%E0%B8%94%E0%B9%89/FE/LLDD-FE-Document-Detail-Role-02-GM-Business-Promotion.pdf
To do,[FE] Document Detail Role 03 AVP SBP,New,incl.,5,FE,Step 5 | FE,ทำ form/UI ตาม LLDD | ต่อ API + state | validate + error state | unit test ตามขอบเขตใน LLDD,https://cpallgroup.sharepoint.com/sites/MST-GO0666ITHW2025ReplaceSBPManagementSystem/Shared%20Documents/General/04-Analysis%20%26%20Design/LLDD/Non-Baseline/Phase%204%20%5BSBP%20Operating%20Management%20%E0%B8%9B%E0%B8%A3%E0%B8%B0%E0%B8%81%E0%B8%B1%E0%B8%99%E0%B8%A3%E0%B8%B2%E0%B8%A2%E0%B9%84%E0%B8%94%E0%B9%89%2C%20Contract%20Management%20%28%E0%B8%A3%E0%B9%89%E0%B8%B2%E0%B8%99%E0%B8%9E%E0%B8%A3%E0%B9%89%E0%B8%AD%E0%B8%A1%E0%B9%82%E0%B8%AD%E0%B8%99%29%5D/SBP%20Operating%20Management%20%E0%B8%9B%E0%B8%A3%E0%B8%B0%E0%B8%81%E0%B8%B1%E0%B8%99%E0%B8%A3%E0%B8%B2%E0%B8%A2%E0%B9%84%E0%B8%94%E0%B9%89/FE/LLDD-FE-Document-Detail-Role-03-AVP-SBP.pdf
To do,[FE] Document Detail Role 06 SBP DSA,New,incl.,5,FE,Step 5 | FE,ทำ form/UI ตาม LLDD | ต่อ API + state | validate + error state | unit test ตามขอบเขตใน LLDD,https://cpallgroup.sharepoint.com/sites/MST-GO0666ITHW2025ReplaceSBPManagementSystem/Shared%20Documents/General/04-Analysis%20%26%20Design/LLDD/Non-Baseline/Phase%204%20%5BSBP%20Operating%20Management%20%E0%B8%9B%E0%B8%A3%E0%B8%B0%E0%B8%81%E0%B8%B1%E0%B8%99%E0%B8%A3%E0%B8%B2%E0%B8%A2%E0%B9%84%E0%B8%94%E0%B9%89%2C%20Contract%20Management%20%28%E0%B8%A3%E0%B9%89%E0%B8%B2%E0%B8%99%E0%B8%9E%E0%B8%A3%E0%B9%89%E0%B8%AD%E0%B8%A1%E0%B9%82%E0%B8%AD%E0%B8%99%29%5D/SBP%20Operating%20Management%20%E0%B8%9B%E0%B8%A3%E0%B8%B0%E0%B8%81%E0%B8%B1%E0%B8%99%E0%B8%A3%E0%B8%B2%E0%B8%A2%E0%B9%84%E0%B8%94%E0%B9%89/FE/LLDD-FE-Document-Detail-Role-06-SBP-DSA.pdf
To do,[FE] Document Detail Role 08 SBP DSA Officer,New,incl.,5,FE,Step 5 | FE,ทำ form/UI ตาม LLDD | ต่อ API + state | validate + error state | unit test ตามขอบเขตใน LLDD,https://cpallgroup.sharepoint.com/sites/MST-GO0666ITHW2025ReplaceSBPManagementSystem/Shared%20Documents/General/04-Analysis%20%26%20Design/LLDD/Non-Baseline/Phase%204%20%5BSBP%20Operating%20Management%20%E0%B8%9B%E0%B8%A3%E0%B8%B0%E0%B8%81%E0%B8%B1%E0%B8%99%E0%B8%A3%E0%B8%B2%E0%B8%A2%E0%B9%84%E0%B8%94%E0%B9%89%2C%20Contract%20Management%20%28%E0%B8%A3%E0%B9%89%E0%B8%B2%E0%B8%99%E0%B8%9E%E0%B8%A3%E0%B9%89%E0%B8%AD%E0%B8%A1%E0%B9%82%E0%B8%AD%E0%B8%99%29%5D/SBP%20Operating%20Management%20%E0%B8%9B%E0%B8%A3%E0%B8%B0%E0%B8%81%E0%B8%B1%E0%B8%99%E0%B8%A3%E0%B8%B2%E0%B8%A2%E0%B9%84%E0%B8%94%E0%B9%89/FE/LLDD-FE-Document-Detail-Role-08-SBP-DSA-Officer.pdf
To do,[Job] Job 10 NotifyNoReceiveData,Bank,11,5,Job,Step 5 | JOBS | 8-15 hrs.,อ่านสเปก LLDD + ตั้ง config/env | เขียน runner + SQL ตามลำดับขั้น | idempotency + rerun/rollback | unit test ตามขอบเขตใน LLDD,https://cpallgroup.sharepoint.com/sites/MST-GO0666ITHW2025ReplaceSBPManagementSystem/Shared%20Documents/General/04-Analysis%20%26%20Design/LLDD/Non-Baseline/Phase%204%20%5BSBP%20Operating%20Management%20%E0%B8%9B%E0%B8%A3%E0%B8%B0%E0%B8%81%E0%B8%B1%E0%B8%99%E0%B8%A3%E0%B8%B2%E0%B8%A2%E0%B9%84%E0%B8%94%E0%B9%89%2C%20Contract%20Management%20%28%E0%B8%A3%E0%B9%89%E0%B8%B2%E0%B8%99%E0%B8%9E%E0%B8%A3%E0%B9%89%E0%B8%AD%E0%B8%A1%E0%B9%82%E0%B8%AD%E0%B8%99%29%5D/SBP%20Operating%20Management%20%E0%B8%9B%E0%B8%A3%E0%B8%B0%E0%B8%81%E0%B8%B1%E0%B8%99%E0%B8%A3%E0%B8%B2%E0%B8%A2%E0%B9%84%E0%B8%94%E0%B9%89/BE/Jobs/LLDD-BE-Job-10-NotifyNoReceiveData.pdf
To do,[Job] Job 5 ImportImpactSaleFromIAS,Bank,21,5,Job,Step 5 | JOBS | 16-30 hrs.,อ่านสเปก LLDD + ตั้ง config/env | เขียน runner + SQL ตามลำดับขั้น | idempotency + rerun/rollback | unit test ตามขอบเขตใน LLDD,https://cpallgroup.sharepoint.com/sites/MST-GO0666ITHW2025ReplaceSBPManagementSystem/Shared%20Documents/General/04-Analysis%20%26%20Design/LLDD/Non-Baseline/Phase%204%20%5BSBP%20Operating%20Management%20%E0%B8%9B%E0%B8%A3%E0%B8%B0%E0%B8%81%E0%B8%B1%E0%B8%99%E0%B8%A3%E0%B8%B2%E0%B8%A2%E0%B9%84%E0%B8%94%E0%B9%89%2C%20Contract%20Management%20%28%E0%B8%A3%E0%B9%89%E0%B8%B2%E0%B8%99%E0%B8%9E%E0%B8%A3%E0%B9%89%E0%B8%AD%E0%B8%A1%E0%B9%82%E0%B8%AD%E0%B8%99%29%5D/SBP%20Operating%20Management%20%E0%B8%9B%E0%B8%A3%E0%B8%B0%E0%B8%81%E0%B8%B1%E0%B8%99%E0%B8%A3%E0%B8%B2%E0%B8%A2%E0%B9%84%E0%B8%94%E0%B9%89/BE/Jobs/LLDD-BE-Job-5-ImportImpactSaleFromIAS.pdf
To do,[Job] Job 8 CreateCompensationDocument,Bank,24,5,Job,Step 5 | JOBS | 16-30 hrs.,อ่านสเปก LLDD + ตั้ง config/env | เขียน runner + SQL ตามลำดับขั้น | idempotency + rerun/rollback | unit test ตามขอบเขตใน LLDD,https://cpallgroup.sharepoint.com/sites/MST-GO0666ITHW2025ReplaceSBPManagementSystem/Shared%20Documents/General/04-Analysis%20%26%20Design/LLDD/Non-Baseline/Phase%204%20%5BSBP%20Operating%20Management%20%E0%B8%9B%E0%B8%A3%E0%B8%B0%E0%B8%81%E0%B8%B1%E0%B8%99%E0%B8%A3%E0%B8%B2%E0%B8%A2%E0%B9%84%E0%B8%94%E0%B9%89%2C%20Contract%20Management%20%28%E0%B8%A3%E0%B9%89%E0%B8%B2%E0%B8%99%E0%B8%9E%E0%B8%A3%E0%B9%89%E0%B8%AD%E0%B8%A1%E0%B9%82%E0%B8%AD%E0%B8%99%29%5D/SBP%20Operating%20Management%20%E0%B8%9B%E0%B8%A3%E0%B8%B0%E0%B8%81%E0%B8%B1%E0%B8%99%E0%B8%A3%E0%B8%B2%E0%B8%A2%E0%B9%84%E0%B8%94%E0%B9%89/BE/Jobs/LLDD-BE-Job-8-CreateCompensationDocument.pdf
To do,[FE] Testing and Delivery,lin,12,6,FE,Step 6 | FE | 8-15 hrs.,ทำ form/UI ตาม LLDD | ต่อ API + state | validate + error state | unit test ตามขอบเขตใน LLDD,https://cpallgroup.sharepoint.com/sites/MST-GO0666ITHW2025ReplaceSBPManagementSystem/Shared%20Documents/General/04-Analysis%20%26%20Design/LLDD/Non-Baseline/Phase%204%20%5BSBP%20Operating%20Management%20%E0%B8%9B%E0%B8%A3%E0%B8%B0%E0%B8%81%E0%B8%B1%E0%B8%99%E0%B8%A3%E0%B8%B2%E0%B8%A2%E0%B9%84%E0%B8%94%E0%B9%89%2C%20Contract%20Management%20%28%E0%B8%A3%E0%B9%89%E0%B8%B2%E0%B8%99%E0%B8%9E%E0%B8%A3%E0%B9%89%E0%B8%AD%E0%B8%A1%E0%B9%82%E0%B8%AD%E0%B8%99%29%5D/SBP%20Operating%20Management%20%E0%B8%9B%E0%B8%A3%E0%B8%B0%E0%B8%81%E0%B8%B1%E0%B8%99%E0%B8%A3%E0%B8%B2%E0%B8%A2%E0%B9%84%E0%B8%94%E0%B9%89/FE/LLDD-FE-Testing-Delivery.pdf
To do,[Job] Job 7 SyncCompetitorToDocument,Bank,13,6,Job,Step 6 | JOBS | 8-15 hrs.,อ่านสเปก LLDD + ตั้ง config/env | เขียน runner + SQL ตามลำดับขั้น | idempotency + rerun/rollback | unit test ตามขอบเขตใน LLDD,https://cpallgroup.sharepoint.com/sites/MST-GO0666ITHW2025ReplaceSBPManagementSystem/Shared%20Documents/General/04-Analysis%20%26%20Design/LLDD/Non-Baseline/Phase%204%20%5BSBP%20Operating%20Management%20%E0%B8%9B%E0%B8%A3%E0%B8%B0%E0%B8%81%E0%B8%B1%E0%B8%99%E0%B8%A3%E0%B8%B2%E0%B8%A2%E0%B9%84%E0%B8%94%E0%B9%89%2C%20Contract%20Management%20%28%E0%B8%A3%E0%B9%89%E0%B8%B2%E0%B8%99%E0%B8%9E%E0%B8%A3%E0%B9%89%E0%B8%AD%E0%B8%A1%E0%B9%82%E0%B8%AD%E0%B8%99%29%5D/SBP%20Operating%20Management%20%E0%B8%9B%E0%B8%A3%E0%B8%B0%E0%B8%81%E0%B8%B1%E0%B8%99%E0%B8%A3%E0%B8%B2%E0%B8%A2%E0%B9%84%E0%B8%94%E0%B9%89/BE/Jobs/LLDD-BE-Job-7-SyncCompetitorToDocument.pdf
To do,[Job] Job 8b StartInternalWorkflow,Bank,29,6,Job,Step 6 | JOBS | WORKFLOW | 16-30 hrs.,อ่านสเปก LLDD + ตั้ง config/env | เขียน runner + SQL ตามลำดับขั้น | idempotency + rerun/rollback | trigger event: เรียก engine ตามหัวข้อ Workflow Trigger Event Contract + mock ใน unit test | unit test ตามขอบเขตใน LLDD,https://cpallgroup.sharepoint.com/sites/MST-GO0666ITHW2025ReplaceSBPManagementSystem/Shared%20Documents/General/04-Analysis%20%26%20Design/LLDD/Non-Baseline/Phase%204%20%5BSBP%20Operating%20Management%20%E0%B8%9B%E0%B8%A3%E0%B8%B0%E0%B8%81%E0%B8%B1%E0%B8%99%E0%B8%A3%E0%B8%B2%E0%B8%A2%E0%B9%84%E0%B8%94%E0%B9%89%2C%20Contract%20Management%20%28%E0%B8%A3%E0%B9%89%E0%B8%B2%E0%B8%99%E0%B8%9E%E0%B8%A3%E0%B9%89%E0%B8%AD%E0%B8%A1%E0%B9%82%E0%B8%AD%E0%B8%99%29%5D/SBP%20Operating%20Management%20%E0%B8%9B%E0%B8%A3%E0%B8%B0%E0%B8%81%E0%B8%B1%E0%B8%99%E0%B8%A3%E0%B8%B2%E0%B8%A2%E0%B9%84%E0%B8%94%E0%B9%89/BE/Jobs/LLDD-BE-Job-8b-StartInternalWorkflow.pdf
To do,[Job] Job 9 SyncNewStoreToDocument,Bank,15,6,Job,Step 6 | JOBS | 8-15 hrs.,อ่านสเปก LLDD + ตั้ง config/env | เขียน runner + SQL ตามลำดับขั้น | idempotency + rerun/rollback | unit test ตามขอบเขตใน LLDD,https://cpallgroup.sharepoint.com/sites/MST-GO0666ITHW2025ReplaceSBPManagementSystem/Shared%20Documents/General/04-Analysis%20%26%20Design/LLDD/Non-Baseline/Phase%204%20%5BSBP%20Operating%20Management%20%E0%B8%9B%E0%B8%A3%E0%B8%B0%E0%B8%81%E0%B8%B1%E0%B8%99%E0%B8%A3%E0%B8%B2%E0%B8%A2%E0%B9%84%E0%B8%94%E0%B9%89%2C%20Contract%20Management%20%28%E0%B8%A3%E0%B9%89%E0%B8%B2%E0%B8%99%E0%B8%9E%E0%B8%A3%E0%B9%89%E0%B8%AD%E0%B8%A1%E0%B9%82%E0%B8%AD%E0%B8%99%29%5D/SBP%20Operating%20Management%20%E0%B8%9B%E0%B8%A3%E0%B8%B0%E0%B8%81%E0%B8%B1%E0%B8%99%E0%B8%A3%E0%B8%B2%E0%B8%A2%E0%B9%84%E0%B8%94%E0%B9%89/BE/Jobs/LLDD-BE-Job-9-SyncNewStoreToDocument.pdf
